{"agent": "dqn", "states": {"type": "float", "shape": [240]}, "actions": {"type": "int", "num_values": 9}, "memory": 1024, "batch_size": 256, "max_episode_timesteps": null, "network": [{"type": "lstm", "size": 32, "horizon": 32}, {"type": "dense", "size": 60.0, "activation": "softplus"}, {"type": "dense", "size": 120.0, "activation": "relu"}], "update_frequency": 128, "start_updating": null, "learning_rate": 0.1, "huber_loss": null, "horizon": 1, "discount": 0.95, "predict_terminal_values": false, "target_update_weight": 1.0, "target_sync_frequency": 1, "state_preprocessing": "linear_normalization", "reward_preprocessing": null, "exploration": 0.1, "variable_noise": 0.1, "l2_regularization": 0.0, "entropy_regularization": 0.0, "parallel_interactions": 1, "config": {"seed": 0}, "saver": null, "summarizer": null, "recorder": null, "internals": {"policy/lstm0/state": {"type": "float", "shape": [2, 32]}, "baseline/lstm0/state": {"type": "float", "shape": [2, 32]}}, "initial_internals": {"policy": {"lstm0": {"state": [[0.17640523612499237, 0.04001571983098984, 0.09787379950284958, 0.22408932447433472, 0.18675580620765686, -0.09772779047489166, 0.09500884264707565, -0.015135720372200012, -0.010321885347366333, 0.04105985164642334, 0.01440435741096735, 0.14542734622955322, 0.07610376924276352, 0.012167501263320446, 0.04438632354140282, 0.03336743265390396, 0.14940790832042694, -0.02051582559943199, 0.03130676969885826, -0.08540957421064377, -0.2552989721298218, 0.0653618574142456, 0.08644361793994904, -0.07421649992465973, 0.2269754558801651, -0.14543657004833221, 0.0045758518390357494, -0.018718384206295013, 0.1532779186964035, 0.14693588018417358, 0.015494742430746555, 0.03781625255942345], [-0.08877857774496078, -0.1980796456336975, -0.034791216254234314, 0.015634896233677864, 0.12302906811237335, 0.12023798376321793, -0.038732681423425674, -0.03023027442395687, -0.10485529899597168, -0.14200179278850555, -0.17062701284885406, 0.1950775384902954, -0.05096521973609924, -0.04380742833018303, -0.1252795308828354, 0.07774903625249863, -0.1613897830247879, -0.021274028345942497, -0.08954665809869766, 0.03869025036692619, -0.05108051374554634, -0.11806321889162064, -0.0028182228561490774, 0.04283318668603897, 0.006651722360402346, 0.030247189104557037, -0.06343220919370651, -0.03627411648631096, -0.06724604219198227, -0.035955317318439484, -0.08131463080644608, -0.172628253698349]]}}, "baseline": {"lstm0": {"state": [[0.017742613330483437, -0.0401780940592289, -0.1630198359489441, 0.046278227120637894, -0.09072984009981155, 0.005194539669901133, 0.07290905714035034, 0.01289829146116972, 0.11394006758928299, -0.1234825849533081, 0.04023416340351105, -0.06848100572824478, -0.08707971125841141, -0.05788496509194374, -0.03115525282919407, 0.005616534035652876, -0.11651498079299927, 0.09008264541625977, 0.04656624421477318, -0.15362437069416046, 0.14882521331310272, 0.18958891928195953, 0.11787796020507812, -0.01799248345196247, -0.10707525908946991, 0.10544517636299133, -0.04031769558787346, 0.12224450707435608, 0.02082749828696251, 0.09766390174627304, 0.03563664108514786, 0.07065732032060623], [0.0010500020580366254, 0.17858704924583435, 0.012691209092736244, 0.04019893705844879, 0.18831506371498108, -0.13477590680122375, -0.12704849243164062, 0.09693966805934906, -0.11731234192848206, 0.1943621188402176, -0.04136189818382263, -0.07474548369646072, 0.1922941952943802, 0.14805148541927338, 0.18675589561462402, 0.09060446918010712, -0.08612256497144699, 0.19100649654865265, -0.026800336316227913, 0.08024563640356064, 0.09472519904375076, -0.015501009300351143, 0.06140793859958649, 0.09222066402435303, 0.03764255344867706, -0.10994008183479309, 0.029823817312717438, 0.1326385885477066, -0.0694567859172821, -0.014963453635573387, -0.04351535439491272, 0.184926375746727]]}}}}